Score,"Organism Id","Organism Name",Name,Track,"Protein Id","Transcript Id",Location,Scaffold,Start,End,Strand,Annotations,"User Annotations"
7.678365,Suilu4,"Suillus luteus UH-Slu-Lm8-n1 v3.0","estExt_Genemark1.C_290076","estExt_Genemark1",2985619,2985732,"scaffold_29:241,120-243,160 (+)","scaffold_29",241120,243160,"(+)","GO:0004672 GO:0004707 GO:0005524 GO:0006468 GO:0016772 TCDB:1.A.26.1.1 KOG:KOG0660 KEGGEC:ec:2.7.11.24 IPRF:ipr000719 IPRF:ipr002290 IPRF:ipr003527 IPRF:ipr008271 IPRF:ipr008352 IPRF:ipr011009 IPRF:ipr017441 PFD:pf00069",""
7.657446,Suilu4,"Suillus luteus UH-Slu-Lm8-n1 v3.0","gm1.470_g","Genemark1",2912104,2912217,"scaffold_1:1,416,328-1,420,763 (-)","scaffold_1",1416328,1420763,"(-)","GO:0004672 GO:0005524 GO:0006468 GO:0016772 KOG:KOG4645 KEGGEC:ec:2.7.11.25 IPRF:ipr000719 IPRF:ipr002290 IPRF:ipr008271 IPRF:ipr011009 IPRF:ipr017441 PFD:pf00069",""
7.647032,Suilu4,"Suillus luteus UH-Slu-Lm8-n1 v3.0","Suilu3.Suilu1.CE116685_25676","Suilu3_GeneCatalog",228080,228196,"scaffold_1:649,008-651,189 (-)","scaffold_1",649008,651189,"(-)","GO:0004672 GO:0004707 GO:0005524 GO:0006468 GO:0016772 KOG:KOG0660 KEGGEC:ec:2.7.11.24 IPRF:ipr000719 IPRF:ipr002290 IPRF:ipr003527 IPRF:ipr008271 IPRF:ipr011009 IPRF:ipr017441 PFD:pf00069",""
7.647032,Suilu4,"Suillus luteus UH-Slu-Lm8-n1 v3.0","CE418916_11769","null",2418916,2419029,"scaffold_3:1,474,237-1,477,073 (+)","scaffold_3",1474237,1477073,"(+)","GO:0004672 GO:0004707 GO:0005524 GO:0006468 GO:0016772 KOG:KOG0660 KEGGEC:ec:2.7.11.24 IPRF:ipr000719 IPRF:ipr002290 IPRF:ipr003527 IPRF:ipr008271 IPRF:ipr011009 PFD:pf00069",""
7.647032,Suilu4,"Suillus luteus UH-Slu-Lm8-n1 v3.0","fgenesh1_kg.1_#_1299_#_Locus1907v1rpkm94.34","fgenesh1_kg",2846247,2846360,"scaffold_1:1,806,806-1,808,685 (-)","scaffold_1",1806806,1808685,"(-)","GO:0004672 GO:0004707 GO:0005524 GO:0006468 GO:0016772 TCDB:1.A.26.1.1 KOG:KOG0660 KEGGEC:ec:2.7.11.24 IPRF:ipr000719 IPRF:ipr002290 IPRF:ipr003527 IPRF:ipr008271 IPRF:ipr008352 IPRF:ipr011009 IPRF:ipr017441 PFD:pf00069",""
7.647032,Suilu4,"Suillus luteus UH-Slu-Lm8-n1 v3.0","fgenesh1_kg.3_#_1_#_Locus1002v1rpkm176.29","fgenesh1_kg",2849410,2849523,"scaffold_3:341-2,204 (+)","scaffold_3",341,2204,"(+)","GO:0004672 GO:0005524 GO:0006468 GO:0016772 KOG:KOG0660 KEGGEC:ec:2.7.11.24 IPRF:ipr000719 IPRF:ipr002290 IPRF:ipr008271 IPRF:ipr011009 PFD:pf00069",""
7.647032,Suilu4,"Suillus luteus UH-Slu-Lm8-n1 v3.0","fgenesh1_kg.29_#_18_#_Locus2971v1rpkm58.85","fgenesh1_kg",2870432,2870545,"scaffold_29:23,919-25,698 (+)","scaffold_29",23919,25698,"(+)","GO:0004672 GO:0004707 GO:0005524 GO:0006468 GO:0016772 TCDB:1.A.26.1.1 KOG:KOG0660 KEGGEC:ec:2.7.11.24 IPRF:ipr000719 IPRF:ipr002290 IPRF:ipr003527 IPRF:ipr008271 IPRF:ipr008352 IPRF:ipr011009 IPRF:ipr017441 PFD:pf00069",""
7.606824,Suilu4,"Suillus luteus UH-Slu-Lm8-n1 v3.0","Suilu3.Suilu1.fgenesh1_pm.18_#_50","Suilu3_GeneCatalog",21575,21691,"scaffold_12:197,361-198,889 (+)","scaffold_12",197361,198889,"(+)","GO:0004672 GO:0005524 GO:0006468 GO:0016772 KOG:KOG0581 KEGGEC:ec:2.7.12.2 IPRF:ipr000719 IPRF:ipr002290 IPRF:ipr008271 IPRF:ipr011009 IPRF:ipr017441 PFD:pf00069",""
7.606824,Suilu4,"Suillus luteus UH-Slu-Lm8-n1 v3.0","Suilu3.Suilu1.fgenesh1_pm.116_#_10","Suilu3_GeneCatalog",24068,24184,"scaffold_3:30,776-32,038 (+)","scaffold_3",30776,32038,"(+)","GO:0005515 MERCO:C108.00 KOG:KOG0286 KEGGEC:ec:2.7.11.1 IPRF:ipr001632 IPRF:ipr001680 IPRF:ipr017986 IPRF:ipr019775 IPRF:ipr020472 PFD:pf00400",""
7.606824,Suilu4,"Suillus luteus UH-Slu-Lm8-n1 v3.0","e_gw1.10.637.1","Genewise1Plus",2775367,2775480,"scaffold_10:328,804-331,274 (-)","scaffold_10",328804,331274,"(-)","GO:0016772 KOG:KOG2464 KEGGEC:ec:2.7.11.1 IPRF:ipr011009 IPRF:ipr024604 PFD:pf12330",""
7.606824,Suilu4,"Suillus luteus UH-Slu-Lm8-n1 v3.0","fgenesh1_kg.5_#_991_#_Locus1368v1rpkm130.60","fgenesh1_kg",2853754,2853867,"scaffold_5:1,925,564-1,927,634 (+)","scaffold_5",1925564,1927634,"(+)","GO:0004672 GO:0005524 GO:0006468 GO:0016772 KOG:KOG0581 KEGGEC:ec:2.7.12.2 IPRF:ipr000719 IPRF:ipr002290 IPRF:ipr011009 IPRF:ipr017441 PFD:pf00069",""
7.606824,Suilu4,"Suillus luteus UH-Slu-Lm8-n1 v3.0","fgenesh1_kg.14_#_209_#_Locus3126v1rpkm55.58","fgenesh1_kg",2862108,2862221,"scaffold_14:353,936-355,478 (+)","scaffold_14",353936,355478,"(+)","TCDB:3.A.20.1.2 KOG:KOG0619 KEGGEC:ec:2.7.11.1",""
7.606824,Suilu4,"Suillus luteus UH-Slu-Lm8-n1 v3.0","fgenesh1_kg.24_#_35_#_Locus1410v1rpkm126.33","fgenesh1_kg",2868232,2868345,"scaffold_24:103,904-106,262 (-)","scaffold_24",103904,106262,"(-)","GO:0004672 GO:0005524 GO:0006468 GO:0016772 KOG:KOG0581 KEGGEC:ec:2.7.12.2 IPRF:ipr000719 IPRF:ipr002290 IPRF:ipr008271 IPRF:ipr011009 IPRF:ipr017441 PFD:pf00069",""
7.606824,Suilu4,"Suillus luteus UH-Slu-Lm8-n1 v3.0","gm1.12641_g","Genemark1",2924275,2924388,"scaffold_31:71,788-73,267 (+)","scaffold_31",71788,73267,"(+)","KOG:KOG1166 KEGGEC:ec:2.7.11.1 IPRF:ipr013212 PFD:pf08311",""
7.569283,Suilu4,"Suillus luteus UH-Slu-Lm8-n1 v3.0","Suilu3.Suilu1.CE156210_111670","Suilu3_GeneCatalog",267605,267721,"scaffold_7:810,860-812,047 (+)","scaffold_7",810860,812047,"(+)","GO:0005509 TCDB:9.A.14.1.1 KOG:KOG0027 KEGGEC:ec:2.7.11.1 IPRF:ipr002048 IPRF:ipr011992 IPRF:ipr018247 PFD:pf13499",""
7.569283,Suilu4,"Suillus luteus UH-Slu-Lm8-n1 v3.0","CE544971_877","null",2544971,2545084,"scaffold_5:243,392-245,602 (-)","scaffold_5",243392,245602,"(-)","GO:0005515 TCDB:3.A.20.1.1 KOG:KOG0271 KEGGEC:ec:2.7.11.1 IPRF:ipr001680 IPRF:ipr017986 IPRF:ipr019775 IPRF:ipr020472 PFD:pf00400",""
7.569283,Suilu4,"Suillus luteus UH-Slu-Lm8-n1 v3.0","CE608969_30488","null",2608969,2609082,"scaffold_7:397,051-397,845 (-)","scaffold_7",397051,397845,"(-)","GO:0005509 TCDB:9.A.14.1.1 KOG:KOG0027 KEGGEC:ec:2.7.11.1 IPRF:ipr002048 IPRF:ipr011992 PFD:pf13405 PFD:pf13499",""
7.569283,Suilu4,"Suillus luteus UH-Slu-Lm8-n1 v3.0","e_gw1.2.1991.1","Genewise1Plus",2762528,2762641,"scaffold_2:1,425,877-1,429,980 (+)","scaffold_2",1425877,1429980,"(+)","GO:0005515 TCDB:3.A.20.1.1 MERCO:C108.00 KOG:KOG0263 KEGGEC:ec:2.7.11.1 IPRF:ipr001680 IPRF:ipr011047 IPRF:ipr017986 IPRF:ipr019775 IPRF:ipr020472 PFD:pf00400",""
7.569283,Suilu4,"Suillus luteus UH-Slu-Lm8-n1 v3.0","e_gw1.12.637.1","Genewise1Plus",2776687,2776800,"scaffold_12:766,470-768,392 (-)","scaffold_12",766470,768392,"(-)","GO:0003824 GO:0004674 GO:0005524 GO:0016772 KOG:KOG2270 KEGGEC:ec:2.7.11.1 IPRF:ipr000687 IPRF:ipr011009 IPRF:ipr017407 IPRF:ipr018934 IPRF:ipr018935 PFD:pf01163",""
7.569283,Suilu4,"Suillus luteus UH-Slu-Lm8-n1 v3.0","estExt_Genewise1Plus.C_1_t50318","estExt_Genewise1Plus",2814109,2814222,"scaffold_1:2,728,242-2,729,153 (+)","scaffold_1",2728242,2729153,"(+)","GO:0005509 TCDB:9.A.14.1.1 KOG:KOG0031 KEGGEC:ec:2.7.11.1 IPRF:ipr002048 IPRF:ipr018247 PFD:pf13405",""
7.569283,Suilu4,"Suillus luteus UH-Slu-Lm8-n1 v3.0","fgenesh1_kg.1_#_377_#_Locus3468v1rpkm48.29","fgenesh1_kg",2845325,2845438,"scaffold_1:526,243-527,506 (-)","scaffold_1",526243,527506,"(-)","GO:0005509 TCDB:9.A.14.1.1 KOG:KOG0028 KEGGEC:ec:2.7.11.1 IPRF:ipr002048 IPRF:ipr011992 IPRF:ipr018247 PFD:pf13499",""
7.569283,Suilu4,"Suillus luteus UH-Slu-Lm8-n1 v3.0","fgenesh1_kg.3_#_740_#_Locus6538v1rpkm14.93","fgenesh1_kg",2850149,2850262,"scaffold_3:1,253,171-1,263,035 (+)","scaffold_3",1253171,1263035,"(+)","GO:0004674 GO:0005488 GO:0005515 GO:0016772 GO:0016773 KOG:KOG0892 KEGGEC:ec:2.7.11.1 IPRF:ipr000403 IPRF:ipr003151 IPRF:ipr003152 IPRF:ipr011009 IPRF:ipr014009 IPRF:ipr016024 IPRF:ipr018936 IPRF:ipr021668 PFD:pf00454 PFD:pf02259 PFD:pf02260 PFD:pf11640",""
7.569283,Suilu4,"Suillus luteus UH-Slu-Lm8-n1 v3.0","fgenesh1_kg.16_#_112_#_Locus1306v1rpkm137.32","fgenesh1_kg",2863082,2863195,"scaffold_16:342,974-344,465 (+)","scaffold_16",342974,344465,"(+)","GO:0005509 TCDB:5.B.1.2.2 KOG:KOG0034 KEGGEC:ec:2.7.11.1 IPRF:ipr002048 IPRF:ipr011992 IPRF:ipr018247 PFD:pf13499",""
7.569283,Suilu4,"Suillus luteus UH-Slu-Lm8-n1 v3.0","fgenesh1_pm.10_#_5","fgenesh1_pm",2893751,2893864,"scaffold_10:10,968-18,397 (-)","scaffold_10",10968,18397,"(-)","GO:0004674 GO:0005488 GO:0005515 GO:0016772 GO:0016773 KOG:KOG0890 KEGGEC:ec:2.7.11.1 IPRF:ipr000403 IPRF:ipr003151 IPRF:ipr003152 IPRF:ipr011009 IPRF:ipr012993 IPRF:ipr014009 IPRF:ipr016024 IPRF:ipr018936 PFD:pf00454 PFD:pf02259 PFD:pf02260 PFD:pf08064",""
7.569283,Suilu4,"Suillus luteus UH-Slu-Lm8-n1 v3.0","CE72053_11186","null",2072053,2072166,"scaffold_1:3,318,157-3,322,735 (+)","scaffold_1",3318157,3322735,"(+)","GO:0005515 TCDB:8.A.28.1.1 KOG:KOG4177 KEGGEC:ec:2.7.11.1 IPRF:ipr002110 IPRF:ipr020683 PFD:pf12796",""
7.531742,Suilu4,"Suillus luteus UH-Slu-Lm8-n1 v3.0","CE107054_3339","null",2107054,2107167,"scaffold_11:4,745-6,342 (-)","scaffold_11",4745,6342,"(-)","GO:0004672 GO:0005524 GO:0006468 GO:0016772 KOG:KOG0603 KEGGEC:ec:2.7.11.1 IPRF:ipr000719 IPRF:ipr002290 IPRF:ipr008271 IPRF:ipr011009 PFD:pf00069",""
7.531742,Suilu4,"Suillus luteus UH-Slu-Lm8-n1 v3.0","Suilu3.Suilu1.gm1.4636_g","Suilu3_GeneCatalog",11921,12037,"scaffold_36:222,401-223,957 (-)","scaffold_36",222401,223957,"(-)","GO:0004672 GO:0005524 GO:0006468 GO:0016772 KOG:KOG1290 KEGGEC:ec:2.7.11.1 IPRF:ipr000719 IPRF:ipr002290 IPRF:ipr008271 IPRF:ipr011009 IPRF:ipr017441 PFD:pf00069",""
7.531742,Suilu4,"Suillus luteus UH-Slu-Lm8-n1 v3.0","CE109216_809","null",2109216,2109329,"scaffold_11:194,995-196,633 (+)","scaffold_11",194995,196633,"(+)","GO:0004672 GO:0005524 GO:0006468 GO:0016772 KOG:KOG0603 KEGGEC:ec:2.7.11.1 IPRF:ipr000719 IPRF:ipr008271 IPRF:ipr011009 PFD:pf00069",""
7.531742,Suilu4,"Suillus luteus UH-Slu-Lm8-n1 v3.0","Suilu3.Suilu1.gm1.5154_g","Suilu3_GeneCatalog",12439,12555,"scaffold_18:740,072-741,894 (+)","scaffold_18",740072,741894,"(+)","GO:0004672 GO:0005524 GO:0006468 GO:0016772 TCDB:1.A.26.1.1 KOG:KOG0196 KEGGEC:ec:2.7.11.1 IPRF:ipr000719 IPRF:ipr008266 IPRF:ipr011009 PFD:pf00069",""
7.531742,Suilu4,"Suillus luteus UH-Slu-Lm8-n1 v3.0","Suilu3.Suilu1.gm1.9071_g","Suilu3_GeneCatalog",16356,16472,"scaffold_9:1,170,986-1,171,491 (+)","scaffold_9",1170986,1171491,"(+)","GO:0004672 GO:0005524 GO:0006468 GO:0016772 KOG:KOG0578 KEGGEC:ec:2.7.11.1 IPRF:ipr000719 IPRF:ipr002290 IPRF:ipr008271 IPRF:ipr011009 PFD:pf00069",""
7.531742,Suilu4,"Suillus luteus UH-Slu-Lm8-n1 v3.0","Suilu3.Suilu1.fgenesh1_pm.12_#_18","Suilu3_GeneCatalog",21162,21278,"scaffold_1:2,127,942-2,131,321 (+)","scaffold_1",2127942,2131321,"(+)","GO:0004672 GO:0005524 GO:0006468 GO:0016772 KOG:KOG0661 KEGGEC:ec:2.7.11.1 IPRF:ipr000719 IPRF:ipr002290 IPRF:ipr008271 IPRF:ipr011009 PFD:pf00069",""
7.531742,Suilu4,"Suillus luteus UH-Slu-Lm8-n1 v3.0","Suilu3.Suilu1.fgenesh1_pm.144_#_6","Suilu3_GeneCatalog",24445,24561,"scaffold_3:1,800,010-1,801,693 (-)","scaffold_3",1800010,1801693,"(-)","GO:0004672 GO:0004674 GO:0005524 GO:0006468 GO:0016772 KOG:KOG0603 KEGGEC:ec:2.7.11.1 IPRF:ipr000719 IPRF:ipr000961 IPRF:ipr002290 IPRF:ipr008271 IPRF:ipr011009 IPRF:ipr017441 PFD:pf00069",""
7.531742,Suilu4,"Suillus luteus UH-Slu-Lm8-n1 v3.0","Suilu3.Suilu1.fgenesh1_pm.410_#_1","Suilu3_GeneCatalog",26385,26501,"scaffold_25:259,095-259,991 (+)","scaffold_25",259095,259991,"(+)","GO:0004672 GO:0005524 GO:0006468 GO:0016772 KOG:KOG0192 KEGGEC:ec:2.7.11.1 IPRF:ipr000719 IPRF:ipr001245 IPRF:ipr011009 PFD:pf07714",""
7.531742,Suilu4,"Suillus luteus UH-Slu-Lm8-n1 v3.0","Suilu3.Suilu1.gw1.465.9.1","Suilu3_GeneCatalog",32641,32757,"scaffold_18:151,707-152,467 (+)","scaffold_18",151707,152467,"(+)","GO:0004672 GO:0005524 GO:0006468 GO:0016772 TCDB:1.A.26.1.1 KOG:KOG0196 KEGGEC:ec:2.7.11.1 IPRF:ipr000719 IPRF:ipr001245 IPRF:ipr008266 IPRF:ipr011009 PFD:pf07714",""
7.531742,Suilu4,"Suillus luteus UH-Slu-Lm8-n1 v3.0","Suilu3.CE114217_1484","Suilu3_GeneCatalog",1114217,1114331,"scaffold_1:46,537-48,252 (-)","scaffold_1",46537,48252,"(-)","GO:0004672 GO:0005524 GO:0006468 GO:0016772 KOG:KOG0603 KEGGEC:ec:2.7.11.1 IPRF:ipr000719 IPRF:ipr002290 IPRF:ipr008271 IPRF:ipr011009 PFD:pf00069",""
7.531742,Suilu4,"Suillus luteus UH-Slu-Lm8-n1 v3.0","CE165516_5906","null",2165516,2165629,"scaffold_13:677,100-680,435 (+)","scaffold_13",677100,680435,"(+)","GO:0004672 GO:0005524 GO:0006468 GO:0016772 KOG:KOG1164 KEGGEC:ec:2.7.11.1 IPRF:ipr000719 IPRF:ipr002290 IPRF:ipr011009 IPRF:ipr017441 IPRF:ipr023214 PFD:pf00069 PFD:pf13419",""
7.531742,Suilu4,"Suillus luteus UH-Slu-Lm8-n1 v3.0","Suilu3.CE129166_385","Suilu3_GeneCatalog",1129166,1129280,"scaffold_37:286,430-287,787 (+)","scaffold_37",286430,287787,"(+)","GO:0004672 GO:0004674 GO:0005524 GO:0006468 GO:0009966 GO:0016772 TCDB:1.A.26.1.1 KOG:KOG0192 KEGGEC:ec:2.7.11.1 IPRF:ipr000719 IPRF:ipr011009 IPRF:ipr016253 PFD:pf00069",""
7.531742,Suilu4,"Suillus luteus UH-Slu-Lm8-n1 v3.0","Suilu3.Suilu1.e_gw1.517.7.1","Suilu3_GeneCatalog",96494,96610,"scaffold_1:145,727-146,431 (+)","scaffold_1",145727,146431,"(+)","GO:0004672 GO:0005524 GO:0006468 GO:0016772 KOG:KOG4279 KEGGEC:ec:2.7.11.1 IPRF:ipr000719 IPRF:ipr002290 IPRF:ipr008266 IPRF:ipr011009 PFD:pf00069",""
7.531742,Suilu4,"Suillus luteus UH-Slu-Lm8-n1 v3.0","Suilu3.Suilu1.e_gw1.1183.3.1","Suilu3_GeneCatalog",101886,102002,"scaffold_21:256,413-257,027 (-)","scaffold_21",256413,257027,"(-)","GO:0004672 GO:0005524 GO:0006468 GO:0016772 TCDB:1.A.26.1.1 KOG:KOG0603 KEGGEC:ec:2.7.11.1 IPRF:ipr000719 IPRF:ipr002290 IPRF:ipr008266 IPRF:ipr011009 PFD:pf00069",""
7.531742,Suilu4,"Suillus luteus UH-Slu-Lm8-n1 v3.0","Suilu3.Suilu1.CE10249_15779","Suilu3_GeneCatalog",121644,121760,"scaffold_1:1,568,811-1,571,199 (+)","scaffold_1",1568811,1571199,"(+)","GO:0004672 GO:0005524 GO:0006468 GO:0016772 KOG:KOG1290 KEGGEC:ec:2.7.11.1 IPRF:ipr000719 IPRF:ipr002290 IPRF:ipr008271 IPRF:ipr011009 IPRF:ipr017441 PFD:pf00069",""
7.531742,Suilu4,"Suillus luteus UH-Slu-Lm8-n1 v3.0","CE248861_3172","null",2248861,2248974,"scaffold_19:639,239-641,526 (+)","scaffold_19",639239,641526,"(+)","GO:0004672 GO:0005524 GO:0006468 GO:0016772 KOG:KOG0197 KEGGEC:ec:2.7.11.1 IPRF:ipr000719 IPRF:ipr001245 IPRF:ipr008266 IPRF:ipr011009 PFD:pf07714",""
7.531742,Suilu4,"Suillus luteus UH-Slu-Lm8-n1 v3.0","CE266257_3125","null",2266257,2266370,"scaffold_2:1,198,063-1,200,058 (-)","scaffold_2",1198063,1200058,"(-)","GO:0004672 GO:0005524 GO:0006468 GO:0016772 KOG:KOG0603 KEGGEC:ec:2.7.11.1 IPRF:ipr000719 IPRF:ipr002290 IPRF:ipr008271 IPRF:ipr011009 PFD:pf00069",""
7.531742,Suilu4,"Suillus luteus UH-Slu-Lm8-n1 v3.0","CE267229_2429","null",2267229,2267342,"scaffold_2:1,243,781-1,245,790 (+)","scaffold_2",1243781,1245790,"(+)","GO:0004672 GO:0005524 GO:0006468 GO:0016772 KOG:KOG0603 KEGGEC:ec:2.7.11.1 IPRF:ipr000719 IPRF:ipr002290 IPRF:ipr008271 IPRF:ipr011009 PFD:pf00069",""
7.531742,Suilu4,"Suillus luteus UH-Slu-Lm8-n1 v3.0","CE268876_1073","null",2268876,2268989,"scaffold_2:1,432,130-1,434,127 (-)","scaffold_2",1432130,1434127,"(-)","GO:0004672 GO:0005524 GO:0006468 GO:0016772 KOG:KOG0603 KEGGEC:ec:2.7.11.1 IPRF:ipr000719 IPRF:ipr002290 IPRF:ipr008271 IPRF:ipr011009 PFD:pf00069",""
7.531742,Suilu4,"Suillus luteus UH-Slu-Lm8-n1 v3.0","Suilu3.Suilu1.CE78511_1243","Suilu3_GeneCatalog",189906,190022,"scaffold_25:376,920-378,261 (+)","scaffold_25",376920,378261,"(+)","GO:0004672 GO:0005524 GO:0006468 GO:0016772 KOG:KOG0198 KEGGEC:ec:2.7.11.1 IPRF:ipr000719 IPRF:ipr001245 IPRF:ipr011009 PFD:pf07714",""
7.531742,Suilu4,"Suillus luteus UH-Slu-Lm8-n1 v3.0","Suilu3.CE248899_3886","Suilu3_GeneCatalog",1248899,1249013,"scaffold_11:28,250-30,227 (+)","scaffold_11",28250,30227,"(+)","GO:0004672 GO:0005524 GO:0006468 GO:0016772 KOG:KOG0603 KEGGEC:ec:2.7.11.1 IPRF:ipr000719 IPRF:ipr002290 IPRF:ipr008271 IPRF:ipr011009 PFD:pf00069",""
7.531742,Suilu4,"Suillus luteus UH-Slu-Lm8-n1 v3.0","CE302830_983","null",2302830,2302943,"scaffold_20:470,888-473,763 (-)","scaffold_20",470888,473763,"(-)","GO:0004672 GO:0005524 GO:0006468 GO:0016772 KOG:KOG0603 KEGGEC:ec:2.7.11.1 IPRF:ipr000719 IPRF:ipr002290 IPRF:ipr008271 IPRF:ipr011009 IPRF:ipr017441 PFD:pf00069",""
7.531742,Suilu4,"Suillus luteus UH-Slu-Lm8-n1 v3.0","CE350657_1086","null",2350657,2350770,"scaffold_25:8,424-9,647 (-)","scaffold_25",8424,9647,"(-)","GO:0004672 GO:0005524 GO:0006468 GO:0016772 TCDB:1.A.26.1.1 KOG:KOG0196 KEGGEC:ec:2.7.11.1 IPRF:ipr000719 IPRF:ipr001245 IPRF:ipr008266 IPRF:ipr011009 PFD:pf07714",""
7.531742,Suilu4,"Suillus luteus UH-Slu-Lm8-n1 v3.0","CE372974_299","null",2372974,2373087,"scaffold_27:77,416-79,419 (+)","scaffold_27",77416,79419,"(+)","GO:0004672 GO:0005524 GO:0006468 GO:0016772 KOG:KOG0603 KEGGEC:ec:2.7.11.1 IPRF:ipr000719 IPRF:ipr002290 IPRF:ipr008271 IPRF:ipr011009 PFD:pf00069",""
7.531742,Suilu4,"Suillus luteus UH-Slu-Lm8-n1 v3.0","CE400569_3452","null",2400569,2400682,"scaffold_3:209,159-210,300 (-)","scaffold_3",209159,210300,"(-)","GO:0004672 GO:0005524 GO:0006468 GO:0016772 KOG:KOG1163 KEGGEC:ec:2.7.11.1 IPRF:ipr000719 IPRF:ipr002290 IPRF:ipr008271 IPRF:ipr011009 PFD:pf00069",""
7.531742,Suilu4,"Suillus luteus UH-Slu-Lm8-n1 v3.0","Suilu3.Suilu1.CE198687_29066","Suilu3_GeneCatalog",310082,310198,"scaffold_4:1,067,511-1,069,815 (+)","scaffold_4",1067511,1069815,"(+)","GO:0004672 GO:0005524 GO:0006468 GO:0016772 KOG:KOG1165 KEGGEC:ec:2.7.11.1 IPRF:ipr000719 IPRF:ipr002290 IPRF:ipr008271 IPRF:ipr011009 IPRF:ipr017441 PFD:pf00069",""
7.531742,Suilu4,"Suillus luteus UH-Slu-Lm8-n1 v3.0","CE458826_1072","null",2458826,2458939,"scaffold_32:263,751-265,556 (-)","scaffold_32",263751,265556,"(-)","GO:0004672 GO:0005524 GO:0006468 GO:0016772 KOG:KOG0192 KEGGEC:ec:2.7.11.1 IPRF:ipr000719 IPRF:ipr001245 IPRF:ipr008266 IPRF:ipr011009 PFD:pf07714",""
7.531742,Suilu4,"Suillus luteus UH-Slu-Lm8-n1 v3.0","CE526678_182","null",2526678,2526791,"scaffold_4:2,371,574-2,373,349 (-)","scaffold_4",2371574,2373349,"(-)","GO:0004672 GO:0005524 GO:0006468 GO:0016772 TCDB:9.B.45.1.3 KOG:KOG0603 KEGGEC:ec:2.7.11.1 IPRF:ipr000719 IPRF:ipr002290 IPRF:ipr008271 IPRF:ipr011009 PFD:pf00069",""
7.531742,Suilu4,"Suillus luteus UH-Slu-Lm8-n1 v3.0","CE527924_295","null",2527924,2528037,"scaffold_4:2,456,332-2,458,035 (+)","scaffold_4",2456332,2458035,"(+)","GO:0004672 GO:0005524 GO:0006468 GO:0016772 KOG:KOG0603 KEGGEC:ec:2.7.11.1 IPRF:ipr000719 IPRF:ipr002290 IPRF:ipr008271 IPRF:ipr011009 PFD:pf00069",""
7.531742,Suilu4,"Suillus luteus UH-Slu-Lm8-n1 v3.0","CE634227_10256","null",2634227,2634340,"scaffold_8:339,026-341,137 (+)","scaffold_8",339026,341137,"(+)","GO:0004672 GO:0005524 GO:0006468 GO:0016772 KOG:KOG2345 KEGGEC:ec:2.7.11.1 IPRF:ipr000719 IPRF:ipr002290 IPRF:ipr008271 IPRF:ipr011009 IPRF:ipr017441 PFD:pf00069",""
7.531742,Suilu4,"Suillus luteus UH-Slu-Lm8-n1 v3.0","CE650652_55231","null",2650652,2650765,"scaffold_8:1,230,284-1,232,765 (+)","scaffold_8",1230284,1232765,"(+)","GO:0004672 GO:0005524 GO:0006468 GO:0016772 KOG:KOG1165 KEGGEC:ec:2.7.11.1 IPRF:ipr000719 IPRF:ipr002290 IPRF:ipr008271 IPRF:ipr011009 PFD:pf00069",""
7.531742,Suilu4,"Suillus luteus UH-Slu-Lm8-n1 v3.0","CE656410_17236","null",2656410,2656523,"scaffold_8:1,543,913-1,546,314 (+)","scaffold_8",1543913,1546314,"(+)","GO:0004672 GO:0005524 GO:0006468 GO:0016772 KOG:KOG0192 KEGGEC:ec:2.7.11.1 IPRF:ipr000719 IPRF:ipr001245 IPRF:ipr008266 IPRF:ipr011009 PFD:pf07714",""
7.531742,Suilu4,"Suillus luteus UH-Slu-Lm8-n1 v3.0","CE679491_537","null",2679491,2679604,"scaffold_9:1,239,017-1,240,967 (+)","scaffold_9",1239017,1240967,"(+)","GO:0004672 GO:0005524 GO:0006468 GO:0016772 KOG:KOG0603 KEGGEC:ec:2.7.11.1 IPRF:ipr000719 IPRF:ipr002290 IPRF:ipr008271 IPRF:ipr011009 PFD:pf00069",""
7.531742,Suilu4,"Suillus luteus UH-Slu-Lm8-n1 v3.0","Suilu3.Suilu1.CE527986_2467","Suilu3_GeneCatalog",639381,639497,"scaffold_35:33,427-35,217 (+)","scaffold_35",33427,35217,"(+)","GO:0004672 GO:0005524 GO:0006468 GO:0016772 TCDB:1.A.26.1.1 KOG:KOG0192 KEGGEC:ec:2.7.11.1 IPRF:ipr000719 IPRF:ipr008266 IPRF:ipr011009 IPRF:ipr017441 PFD:pf00069",""
7.531742,Suilu4,"Suillus luteus UH-Slu-Lm8-n1 v3.0","gw1.2.2330.1","Genewise1",2754604,2754717,"scaffold_2:1,719,985-1,721,349 (+)","scaffold_2",1719985,1721349,"(+)","GO:0004672 GO:0004713 GO:0005524 GO:0006468 GO:0016772 KOG:KOG0578 KEGGEC:ec:2.7.11.1 IPRF:ipr000719 IPRF:ipr011009 IPRF:ipr020635 PFD:pf00069",""
7.531742,Suilu4,"Suillus luteus UH-Slu-Lm8-n1 v3.0","e_gw1.1.2477.1","Genewise1Plus",2759958,2760071,"scaffold_1:3,212,649-3,214,273 (+)","scaffold_1",3212649,3214273,"(+)","GO:0004672 GO:0005524 GO:0006468 GO:0016772 KOG:KOG1290 KEGGEC:ec:2.7.11.1 IPRF:ipr000719 IPRF:ipr002290 IPRF:ipr008271 IPRF:ipr011009 PFD:pf00069",""
7.531742,Suilu4,"Suillus luteus UH-Slu-Lm8-n1 v3.0","e_gw1.1.3175.1","Genewise1Plus",2760249,2760362,"scaffold_1:1,486,461-1,487,878 (+)","scaffold_1",1486461,1487878,"(+)","GO:0004672 GO:0005524 GO:0006468 GO:0016772 KOG:KOG0668 KEGGEC:ec:2.7.11.1 IPRF:ipr000719 IPRF:ipr002290 IPRF:ipr008271 IPRF:ipr011009 IPRF:ipr017441 PFD:pf00069",""
7.531742,Suilu4,"Suillus luteus UH-Slu-Lm8-n1 v3.0","e_gw1.1.1598.1","Genewise1Plus",2761018,2761131,"scaffold_1:2,409,223-2,410,780 (+)","scaffold_1",2409223,2410780,"(+)","GO:0004672 GO:0005524 GO:0006468 GO:0016772 KOG:KOG0198 KEGGEC:ec:2.7.11.1 IPRF:ipr000719 IPRF:ipr002290 IPRF:ipr008271 IPRF:ipr011009 IPRF:ipr017441 PFD:pf00069",""
7.531742,Suilu4,"Suillus luteus UH-Slu-Lm8-n1 v3.0","e_gw1.2.652.1","Genewise1Plus",2762599,2762712,"scaffold_2:1,104,432-1,106,512 (+)","scaffold_2",1104432,1106512,"(+)","GO:0004672 GO:0005524 GO:0006468 GO:0016772 KOG:KOG0192 KEGGEC:ec:2.7.11.1 IPRF:ipr000719 IPRF:ipr001245 IPRF:ipr002290 IPRF:ipr008271 IPRF:ipr011009 IPRF:ipr017441 PFD:pf00069",""
7.531742,Suilu4,"Suillus luteus UH-Slu-Lm8-n1 v3.0","e_gw1.2.730.1","Genewise1Plus",2763007,2763120,"scaffold_2:2,211,852-2,212,447 (+)","scaffold_2",2211852,2212447,"(+)","GO:0004672 GO:0005524 GO:0006468 GO:0016772 KOG:KOG0197 KEGGEC:ec:2.7.11.1 IPRF:ipr000719 IPRF:ipr001245 IPRF:ipr011009 PFD:pf07714",""
7.531742,Suilu4,"Suillus luteus UH-Slu-Lm8-n1 v3.0","e_gw1.4.136.1","Genewise1Plus",2766106,2766219,"scaffold_4:1,586,824-1,589,493 (-)","scaffold_4",1586824,1589493,"(-)","GO:0004672 GO:0005524 GO:0006468 GO:0016772 KOG:KOG1826 KEGGEC:ec:2.7.11.1 IPRF:ipr000719 IPRF:ipr002290 IPRF:ipr008271 IPRF:ipr011009 IPRF:ipr017441 PFD:pf00069",""
7.531742,Suilu4,"Suillus luteus UH-Slu-Lm8-n1 v3.0","e_gw1.4.1157.1","Genewise1Plus",2766229,2766342,"scaffold_4:1,347,005-1,348,198 (-)","scaffold_4",1347005,1348198,"(-)","GO:0004672 GO:0005524 GO:0006468 GO:0016772 KOG:KOG0583 KEGGEC:ec:2.7.11.1 IPRF:ipr000719 IPRF:ipr002290 IPRF:ipr011009 PFD:pf00069",""
7.531742,Suilu4,"Suillus luteus UH-Slu-Lm8-n1 v3.0","e_gw1.5.1721.1","Genewise1Plus",2767987,2768100,"scaffold_5:1,264,022-1,265,352 (-)","scaffold_5",1264022,1265352,"(-)","GO:0004672 GO:0005524 GO:0006468 GO:0016772 KOG:KOG1152 KEGGEC:ec:2.7.11.1 IPRF:ipr000719 IPRF:ipr002290 IPRF:ipr008271 IPRF:ipr011009 IPRF:ipr017441 PFD:pf00069",""
7.531742,Suilu4,"Suillus luteus UH-Slu-Lm8-n1 v3.0","e_gw1.5.1484.1","Genewise1Plus",2768075,2768188,"scaffold_5:657,548-658,717 (+)","scaffold_5",657548,658717,"(+)","GO:0004672 GO:0005524 GO:0006468 GO:0016772 KOG:KOG0590 KEGGEC:ec:2.7.11.1 IPRF:ipr000719 IPRF:ipr002290 IPRF:ipr011009 PFD:pf00069",""
7.531742,Suilu4,"Suillus luteus UH-Slu-Lm8-n1 v3.0","e_gw1.6.531.1","Genewise1Plus",2769491,2769604,"scaffold_6:1,096,261-1,098,019 (-)","scaffold_6",1096261,1098019,"(-)","GO:0004672 GO:0004674 GO:0005524 GO:0006468 GO:0016772 KOG:KOG0605 KEGGEC:ec:2.7.11.1 IPRF:ipr000719 IPRF:ipr000961 IPRF:ipr002290 IPRF:ipr008271 IPRF:ipr011009 IPRF:ipr017441 PFD:pf00069",""
7.531742,Suilu4,"Suillus luteus UH-Slu-Lm8-n1 v3.0","e_gw1.10.1141.1","Genewise1Plus",2774311,2774424,"scaffold_10:765,149-767,521 (+)","scaffold_10",765149,767521,"(+)","GO:0004672 GO:0005524 GO:0006468 GO:0016772 KOG:KOG0201 KEGGEC:ec:2.7.11.1 IPRF:ipr000719 IPRF:ipr002290 IPRF:ipr011009 IPRF:ipr017441 PFD:pf00069",""
7.531742,Suilu4,"Suillus luteus UH-Slu-Lm8-n1 v3.0","e_gw1.10.1467.1","Genewise1Plus",2774391,2774504,"scaffold_10:125,106-127,050 (-)","scaffold_10",125106,127050,"(-)","GO:0004672 GO:0005524 GO:0006468 GO:0016772 KOG:KOG1167 KEGGEC:ec:2.7.11.1 IPRF:ipr000719 IPRF:ipr002290 IPRF:ipr008271 IPRF:ipr011009 PFD:pf00069",""
7.531742,Suilu4,"Suillus luteus UH-Slu-Lm8-n1 v3.0","Suilu3.Suilu1.CE572002_195","Suilu3_GeneCatalog",683397,683513,"scaffold_25:19,273-20,638 (+)","scaffold_25",19273,20638,"(+)","GO:0004672 GO:0005524 GO:0006468 GO:0016772 TCDB:1.A.26.1.1 KOG:KOG0192 KEGGEC:ec:2.7.11.1 IPRF:ipr000719 IPRF:ipr008266 IPRF:ipr011009 PFD:pf00069",""
7.531742,Suilu4,"Suillus luteus UH-Slu-Lm8-n1 v3.0","e_gw1.25.262.1","Genewise1Plus",2785125,2785238,"scaffold_25:345,940-348,134 (-)","scaffold_25",345940,348134,"(-)","GO:0004672 GO:0005524 GO:0006468 GO:0016772 TCDB:1.A.26.1.1 KOG:KOG0197 KEGGEC:ec:2.7.11.1 IPRF:ipr000719 IPRF:ipr001245 IPRF:ipr011009 PFD:pf07714",""
7.531742,Suilu4,"Suillus luteus UH-Slu-Lm8-n1 v3.0","e_gw1.54.4.1","Genewise1Plus",2790644,2790757,"scaffold_54:19,074-20,489 (+)","scaffold_54",19074,20489,"(+)","GO:0004672 GO:0005524 GO:0006468 GO:0016772 KOG:KOG1164 KEGGEC:ec:2.7.11.1 IPRF:ipr000719 IPRF:ipr002290 IPRF:ipr008271 IPRF:ipr011009 PFD:pf00069",""
7.531742,Suilu4,"Suillus luteus UH-Slu-Lm8-n1 v3.0","estExt_Genewise1.C_9_t30023","estExt_Genewise1",2801911,2802024,"scaffold_9:1,214,999-1,216,493 (-)","scaffold_9",1214999,1216493,"(-)","GO:0004672 GO:0005524 GO:0006468 GO:0016772 KOG:KOG0603 KEGGEC:ec:2.7.11.1 IPRF:ipr000719 IPRF:ipr002290 IPRF:ipr008271 IPRF:ipr011009 PFD:pf00069",""
7.531742,Suilu4,"Suillus luteus UH-Slu-Lm8-n1 v3.0","estExt_Genewise1.C_9_t30132","estExt_Genewise1",2801936,2802049,"scaffold_9:1,343,288-1,344,892 (-)","scaffold_9",1343288,1344892,"(-)","GO:0004672 GO:0005524 GO:0006468 GO:0016772 KOG:KOG0603 KEGGEC:ec:2.7.11.1 IPRF:ipr000719 IPRF:ipr002290 IPRF:ipr008271 IPRF:ipr011009 PFD:pf00069",""
7.531742,Suilu4,"Suillus luteus UH-Slu-Lm8-n1 v3.0","Suilu3.Suilu1.CE601058_4980","Suilu3_GeneCatalog",712453,712569,"scaffold_1:3,190,330-3,192,138 (-)","scaffold_1",3190330,3192138,"(-)","GO:0004672 GO:0005524 GO:0006468 GO:0016772 KOG:KOG0586 KEGGEC:ec:2.7.11.1 IPRF:ipr000719 IPRF:ipr002290 IPRF:ipr008271 IPRF:ipr011009 IPRF:ipr017441 PFD:pf00069",""
7.531742,Suilu4,"Suillus luteus UH-Slu-Lm8-n1 v3.0","estExt_Genewise1Plus.C_1_t50014","estExt_Genewise1Plus",2813808,2813921,"scaffold_1:2,415,178-2,417,069 (-)","scaffold_1",2415178,2417069,"(-)","GO:0004672 GO:0005524 GO:0006468 GO:0016772 KOG:KOG0198 KEGGEC:ec:2.7.11.1 IPRF:ipr000719 IPRF:ipr002290 IPRF:ipr008271 IPRF:ipr011009 PFD:pf00069",""
7.531742,Suilu4,"Suillus luteus UH-Slu-Lm8-n1 v3.0","estExt_Genewise1Plus.C_9_t20153","estExt_Genewise1Plus",2822985,2823098,"scaffold_9:831,913-833,228 (-)","scaffold_9",831913,833228,"(-)","GO:0004672 GO:0005524 GO:0006468 GO:0016772 KOG:KOG0603 KEGGEC:ec:2.7.11.1 IPRF:ipr000719 IPRF:ipr002290 IPRF:ipr008271 IPRF:ipr011009 PFD:pf00069",""
7.531742,Suilu4,"Suillus luteus UH-Slu-Lm8-n1 v3.0","estExt_Genewise1Plus.C_380011","estExt_Genewise1Plus",2832826,2832939,"scaffold_38:24,166-29,297 (-)","scaffold_38",24166,29297,"(-)","GO:0004672 GO:0005524 GO:0006468 GO:0016772 KOG:KOG0192 KEGGEC:ec:2.7.11.1 IPRF:ipr000719 IPRF:ipr001245 IPRF:ipr011009 IPRF:ipr024983 PFD:pf07714 PFD:pf12770 PFD:pf13374",""
7.531742,Suilu4,"Suillus luteus UH-Slu-Lm8-n1 v3.0","fgenesh1_pg.10_#_173","fgenesh1_pg",2838991,2839104,"scaffold_10:555,687-557,081 (+)","scaffold_10",555687,557081,"(+)","GO:0004672 GO:0005524 GO:0006468 GO:0016772 TCDB:9.B.45.1.3 KOG:KOG0603 KEGGEC:ec:2.7.11.1 IPRF:ipr000719 IPRF:ipr002290 IPRF:ipr008271 IPRF:ipr011009 PFD:pf00069",""
7.531742,Suilu4,"Suillus luteus UH-Slu-Lm8-n1 v3.0","fgenesh1_kg.1_#_16_#_Locus2312v1rpkm76.66","fgenesh1_kg",2844964,2845077,"scaffold_1:29,380-32,079 (+)","scaffold_1",29380,32079,"(+)","GO:0004672 GO:0005524 GO:0006468 GO:0016772 KOG:KOG0583 KEGGEC:ec:2.7.11.1 IPRF:ipr000719 IPRF:ipr002290 IPRF:ipr008271 IPRF:ipr011009 IPRF:ipr028375 PFD:pf00069",""
7.531742,Suilu4,"Suillus luteus UH-Slu-Lm8-n1 v3.0","fgenesh1_kg.1_#_527_#_Locus3978v1rpkm40.50","fgenesh1_kg",2845475,2845588,"scaffold_1:715,028-717,750 (+)","scaffold_1",715028,717750,"(+)","GO:0004672 GO:0005524 GO:0006468 GO:0016772 KOG:KOG0201 KEGGEC:ec:2.7.11.1 IPRF:ipr000719 IPRF:ipr002290 IPRF:ipr011009 IPRF:ipr017441 PFD:pf00069",""
7.531742,Suilu4,"Suillus luteus UH-Slu-Lm8-n1 v3.0","fgenesh1_kg.1_#_989_#_Locus3396v1rpkm49.68","fgenesh1_kg",2845937,2846050,"scaffold_1:1,378,719-1,381,133 (+)","scaffold_1",1378719,1381133,"(+)","GO:0004672 GO:0005524 GO:0006468 GO:0016772 KOG:KOG0590 KEGGEC:ec:2.7.11.1 IPRF:ipr000719 IPRF:ipr002290 IPRF:ipr008271 IPRF:ipr011009 IPRF:ipr017441 PFD:pf00069",""
7.531742,Suilu4,"Suillus luteus UH-Slu-Lm8-n1 v3.0","fgenesh1_kg.1_#_1133_#_Locus12600v2rpkm0.72","fgenesh1_kg",2846081,2846194,"scaffold_1:1,566,478-1,568,743 (-)","scaffold_1",1566478,1568743,"(-)","GO:0004672 GO:0005524 GO:0006468 GO:0016772 KOG:KOG0582 KEGGEC:ec:2.7.11.1 IPRF:ipr000719 IPRF:ipr002290 IPRF:ipr008271 IPRF:ipr011009 IPRF:ipr017441 PFD:pf00069",""
7.531742,Suilu4,"Suillus luteus UH-Slu-Lm8-n1 v3.0","fgenesh1_kg.1_#_1393_#_Locus4065v1rpkm39.44","fgenesh1_kg",2846341,2846454,"scaffold_1:1,960,280-1,962,620 (+)","scaffold_1",1960280,1962620,"(+)","GO:0003824 GO:0004674 GO:0005524 GO:0006468 GO:0016772 KOG:KOG2268 KEGGEC:ec:2.7.11.1 IPRF:ipr000687 IPRF:ipr011009 IPRF:ipr015285 IPRF:ipr018934 PFD:pf01163 PFD:pf09202",""
7.531742,Suilu4,"Suillus luteus UH-Slu-Lm8-n1 v3.0","fgenesh1_kg.2_#_1851_#_Locus7836v1rpkm8.07","fgenesh1_kg",2849259,2849372,"scaffold_2:2,660,323-2,663,514 (+)","scaffold_2",2660323,2663514,"(+)","GO:0004672 GO:0005524 GO:0006468 GO:0016772 KOG:KOG0603 KEGGEC:ec:2.7.11.1 IPRF:ipr000719 IPRF:ipr002290 IPRF:ipr008271 IPRF:ipr011009 IPRF:ipr017441 PFD:pf00069",""
7.531742,Suilu4,"Suillus luteus UH-Slu-Lm8-n1 v3.0","fgenesh1_kg.2_#_1923_#_Locus6280v2rpkm13.12","fgenesh1_kg",2849331,2849444,"scaffold_2:2,821,402-2,824,698 (+)","scaffold_2",2821402,2824698,"(+)","GO:0004672 GO:0005524 GO:0005525 GO:0006468 GO:0016772 KOG:KOG0192 KEGGEC:ec:2.7.11.1 IPRF:ipr000719 IPRF:ipr006703 IPRF:ipr008266 IPRF:ipr011009 IPRF:ipr025662 IPRF:ipr027417 PFD:pf00069 PFD:pf04548",""
7.531742,Suilu4,"Suillus luteus UH-Slu-Lm8-n1 v3.0","fgenesh1_kg.2_#_1912_#_Locus6280v2rpkm13.12","fgenesh1_kg",2849320,2849433,"scaffold_2:2,813,911-2,817,072 (+)","scaffold_2",2813911,2817072,"(+)","GO:0004672 GO:0005524 GO:0006468 GO:0016772 KOG:KOG0192 KEGGEC:ec:2.7.11.1 IPRF:ipr000719 IPRF:ipr001245 IPRF:ipr008266 IPRF:ipr011009 IPRF:ipr025662 IPRF:ipr027417 PFD:pf07714",""
7.531742,Suilu4,"Suillus luteus UH-Slu-Lm8-n1 v3.0","fgenesh1_kg.4_#_802_#_Locus2903v1rpkm60.21","fgenesh1_kg",2852000,2852113,"scaffold_4:1,329,466-1,333,811 (+)","scaffold_4",1329466,1333811,"(+)","GO:0004672 GO:0005515 GO:0005524 GO:0006468 GO:0016772 KOG:KOG0198 KEGGEC:ec:2.7.11.1 IPRF:ipr000719 IPRF:ipr001660 IPRF:ipr002290 IPRF:ipr008271 IPRF:ipr011009 IPRF:ipr013761 IPRF:ipr017441 IPRF:ipr021129 IPRF:ipr029458 PFD:pf00069 PFD:pf00536 PFD:pf14847",""
7.531742,Suilu4,"Suillus luteus UH-Slu-Lm8-n1 v3.0","fgenesh1_kg.5_#_16_#_Locus7901v3rpkm0.35_PRE","fgenesh1_kg",2852779,2852892,"scaffold_5:79,975-81,796 (+)","scaffold_5",79975,81796,"(+)","GO:0004672 GO:0005524 GO:0006468 GO:0016772 KOG:KOG0603 KEGGEC:ec:2.7.11.1 IPRF:ipr000719 IPRF:ipr002290 IPRF:ipr008271 IPRF:ipr011009 PFD:pf00069",""
7.531742,Suilu4,"Suillus luteus UH-Slu-Lm8-n1 v3.0","fgenesh1_kg.7_#_383_#_Locus1428v1rpkm125.21","fgenesh1_kg",2855360,2855473,"scaffold_7:561,815-564,657 (+)","scaffold_7",561815,564657,"(+)","GO:0004672 GO:0004674 GO:0005524 GO:0006468 GO:0016772 KOG:KOG0598 KEGGEC:ec:2.7.11.1 IPRF:ipr000719 IPRF:ipr000961 IPRF:ipr002290 IPRF:ipr008271 IPRF:ipr011009 IPRF:ipr017441 IPRF:ipr017892 PFD:pf00069 PFD:pf00433",""
7.531742,Suilu4,"Suillus luteus UH-Slu-Lm8-n1 v3.0","fgenesh1_kg.10_#_310_#_Locus2432v1rpkm72.98","fgenesh1_kg",2858684,2858797,"scaffold_10:462,123-468,574 (-)","scaffold_10",462123,468574,"(-)","GO:0000160 GO:0004672 GO:0004674 GO:0005524 GO:0006468 GO:0016772 KOG:KOG0605 KEGGEC:ec:2.7.11.1 IPRF:ipr000719 IPRF:ipr000961 IPRF:ipr001789 IPRF:ipr002290 IPRF:ipr008271 IPRF:ipr011006 IPRF:ipr011009 PFD:pf00069 PFD:pf00072",""
7.531742,Suilu4,"Suillus luteus UH-Slu-Lm8-n1 v3.0","fgenesh1_kg.10_#_803_#_Locus1531v1rpkm116.98","fgenesh1_kg",2859177,2859290,"scaffold_10:1,170,794-1,172,955 (-)","scaffold_10",1170794,1172955,"(-)","GO:0004672 GO:0005524 GO:0006468 GO:0016772 TCDB:1.A.26.1.1 KOG:KOG0594 KEGGEC:ec:2.7.11.1 IPRF:ipr000719 IPRF:ipr002290 IPRF:ipr008271 IPRF:ipr011009 IPRF:ipr017441 PFD:pf00069",""
7.531742,Suilu4,"Suillus luteus UH-Slu-Lm8-n1 v3.0","fgenesh1_kg.10_#_808_#_Locus2689v1rpkm65.63","fgenesh1_kg",2859182,2859295,"scaffold_10:1,177,090-1,178,505 (-)","scaffold_10",1177090,1178505,"(-)","GO:0004672 GO:0004674 GO:0005524 GO:0006468 GO:0009966 GO:0016772 TCDB:1.A.26.1.1 KOG:KOG0198 KEGGEC:ec:2.7.11.1 IPRF:ipr000719 IPRF:ipr011009 IPRF:ipr016253 IPRF:ipr017441 PFD:pf00069",""
7.531742,Suilu4,"Suillus luteus UH-Slu-Lm8-n1 v3.0","fgenesh1_kg.11_#_236_#_Locus10471v1rpkm3.15","fgenesh1_kg",2859595,2859708,"scaffold_11:229,047-230,825 (-)","scaffold_11",229047,230825,"(-)","GO:0004672 GO:0005524 GO:0006468 GO:0016772 KOG:KOG0603 KEGGEC:ec:2.7.11.1 IPRF:ipr000719 IPRF:ipr002290 IPRF:ipr008271 IPRF:ipr011009 PFD:pf00069",""
7.531742,Suilu4,"Suillus luteus UH-Slu-Lm8-n1 v3.0","fgenesh1_kg.11_#_192_#_Locus10471v1rpkm3.15","fgenesh1_kg",2859551,2859664,"scaffold_11:201,557-203,330 (+)","scaffold_11",201557,203330,"(+)","GO:0004672 GO:0005524 GO:0006468 GO:0016772 KOG:KOG0603 KEGGEC:ec:2.7.11.1 IPRF:ipr000719 IPRF:ipr002290 IPRF:ipr008271 IPRF:ipr011009 PFD:pf00069",""
7.531742,Suilu4,"Suillus luteus UH-Slu-Lm8-n1 v3.0","fgenesh1_kg.11_#_584_#_Locus3211v1rpkm53.43","fgenesh1_kg",2859943,2860056,"scaffold_11:634,753-638,564 (+)","scaffold_11",634753,638564,"(+)","GO:0004672 GO:0004674 GO:0005524 GO:0006468 GO:0016772 KOG:KOG0595 KEGGEC:ec:2.7.11.1 IPRF:ipr000719 IPRF:ipr002290 IPRF:ipr008271 IPRF:ipr011009 IPRF:ipr017441 IPRF:ipr022708 PFD:pf00069 PFD:pf12063",""
7.531742,Suilu4,"Suillus luteus UH-Slu-Lm8-n1 v3.0","fgenesh1_kg.12_#_523_#_Locus2288v1rpkm77.43","fgenesh1_kg",2860950,2861063,"scaffold_12:669,136-671,607 (+)","scaffold_12",669136,671607,"(+)","GO:0004672 GO:0004674 GO:0005524 GO:0006468 GO:0016772 KOG:KOG0598 KEGGEC:ec:2.7.11.1 IPRF:ipr000719 IPRF:ipr000961 IPRF:ipr002290 IPRF:ipr008271 IPRF:ipr011009 IPRF:ipr017441 IPRF:ipr017892 PFD:pf00069 PFD:pf00433",""
7.531742,Suilu4,"Suillus luteus UH-Slu-Lm8-n1 v3.0","fgenesh1_kg.12_#_696_#_Locus3750v1rpkm43.56","fgenesh1_kg",2861123,2861236,"scaffold_12:907,617-909,183 (-)","scaffold_12",907617,909183,"(-)","GO:0004672 GO:0005524 GO:0006468 GO:0016772 KOG:KOG0580 KEGGEC:ec:2.7.11.1 IPRF:ipr000719 IPRF:ipr002290 IPRF:ipr008271 IPRF:ipr011009 IPRF:ipr017441 PFD:pf00069",""
7.531742,Suilu4,"Suillus luteus UH-Slu-Lm8-n1 v3.0","fgenesh1_kg.12_#_672_#_Locus1903v1rpkm94.53","fgenesh1_kg",2861099,2861212,"scaffold_12:883,998-889,269 (-)","scaffold_12",883998,889269,"(-)","GO:0004672 GO:0005488 GO:0005524 GO:0006468 GO:0016772 KOG:KOG0198 KEGGEC:ec:2.7.11.1 IPRF:ipr000719 IPRF:ipr002290 IPRF:ipr008271 IPRF:ipr011009 IPRF:ipr016024 IPRF:ipr017441 PFD:pf00069",""
7.531742,Suilu4,"Suillus luteus UH-Slu-Lm8-n1 v3.0","fgenesh1_kg.22_#_59_#_Locus11924v2rpkm1.20","fgenesh1_kg",2867141,2867254,"scaffold_22:95,106-96,152 (+)","scaffold_22",95106,96152,"(+)","GO:0004672 GO:0004674 GO:0005524 GO:0006468 GO:0009966 GO:0016772 TCDB:1.A.26.1.1 KOG:KOG0193 KEGGEC:ec:2.7.11.1 IPRF:ipr000719 IPRF:ipr001245 IPRF:ipr011009 IPRF:ipr016253 PFD:pf07714",""
7.531742,Suilu4,"Suillus luteus UH-Slu-Lm8-n1 v3.0","fgenesh1_kg.22_#_93_#_Locus12421v1rpkm2.00","fgenesh1_kg",2867175,2867288,"scaffold_22:127,574-129,983 (-)","scaffold_22",127574,129983,"(-)","GO:0004672 GO:0005515 GO:0005524 GO:0006468 GO:0016772 KOG:KOG0192 KEGGEC:ec:2.7.11.1 IPRF:ipr000719 IPRF:ipr001245 IPRF:ipr001680 IPRF:ipr011009 IPRF:ipr011044 IPRF:ipr017986 PFD:pf00400 PFD:pf07714",""
7.531742,Suilu4,"Suillus luteus UH-Slu-Lm8-n1 v3.0","fgenesh1_kg.23_#_266_#_Locus16162v1rpkm1.07","fgenesh1_kg",2867762,2867875,"scaffold_23:299,765-301,376 (+)","scaffold_23",299765,301376,"(+)","GO:0004672 GO:0005524 GO:0006468 GO:0016772 KOG:KOG0603 KEGGEC:ec:2.7.11.1 IPRF:ipr000719 IPRF:ipr002290 IPRF:ipr008271 IPRF:ipr011009 PFD:pf00069",""
7.531742,Suilu4,"Suillus luteus UH-Slu-Lm8-n1 v3.0","fgenesh1_kg.24_#_8_#_Locus3434v1rpkm49.01","fgenesh1_kg",2868205,2868318,"scaffold_24:68,687-73,207 (-)","scaffold_24",68687,73207,"(-)","GO:0004672 GO:0005524 GO:0006468 GO:0016772 KOG:KOG0601 KEGGEC:ec:2.7.11.1 IPRF:ipr000719 IPRF:ipr002290 IPRF:ipr008271 IPRF:ipr011009 IPRF:ipr017441 PFD:pf00069",""
7.531742,Suilu4,"Suillus luteus UH-Slu-Lm8-n1 v3.0","fgenesh1_kg.25_#_1_#_Locus7962v1rpkm7.70","fgenesh1_kg",2868521,2868634,"scaffold_25:735-2,191 (-)","scaffold_25",735,2191,"(-)","GO:0004672 GO:0004674 GO:0005524 GO:0006468 GO:0009966 GO:0016772 TCDB:1.A.26.1.1 KOG:KOG0196 KEGGEC:ec:2.7.11.1 IPRF:ipr000719 IPRF:ipr001245 IPRF:ipr008266 IPRF:ipr011009 IPRF:ipr016253 PFD:pf07714",""
7.531742,Suilu4,"Suillus luteus UH-Slu-Lm8-n1 v3.0","fgenesh1_kg.25_#_6_#_Locus8568v1rpkm5.89","fgenesh1_kg",2868526,2868639,"scaffold_25:3,869-5,542 (+)","scaffold_25",3869,5542,"(+)","GO:0004672 GO:0005524 GO:0006468 GO:0016772 TCDB:1.A.26.1.1 KOG:KOG0197 KEGGEC:ec:2.7.11.1 IPRF:ipr000719 IPRF:ipr001245 IPRF:ipr008266 IPRF:ipr011009 PFD:pf07714",""
7.531742,Suilu4,"Suillus luteus UH-Slu-Lm8-n1 v3.0","Suilu3.Suilu1.MIX15985_284_42","Suilu3_GeneCatalog",771814,771930,"scaffold_10:214,756-216,994 (-)","scaffold_10",214756,216994,"(-)","GO:0004672 GO:0005524 GO:0006468 GO:0016772 TCDB:1.A.26.1.1 KOG:KOG0196 KEGGEC:ec:2.7.11.1 IPRF:ipr000719 IPRF:ipr001245 IPRF:ipr008266 IPRF:ipr011009 PFD:pf07714",""
7.531742,Suilu4,"Suillus luteus UH-Slu-Lm8-n1 v3.0","fgenesh1_kg.28_#_331_#_Locus13615v1rpkm1.61","fgenesh1_kg",2870272,2870385,"scaffold_28:383,427-384,661 (+)","scaffold_28",383427,384661,"(+)","GO:0004672 GO:0005524 GO:0006468 GO:0016772 KOG:KOG0612 KEGGEC:ec:2.7.11.1 IPRF:ipr000719 IPRF:ipr002290 IPRF:ipr008271 IPRF:ipr011009 PFD:pf00069",""
7.531742,Suilu4,"Suillus luteus UH-Slu-Lm8-n1 v3.0","fgenesh1_kg.32_#_180_#_Locus11720v1rpkm2.31","fgenesh1_kg",2871703,2871816,"scaffold_32:276,603-279,293 (-)","scaffold_32",276603,279293,"(-)","GO:0004672 GO:0005524 GO:0006468 GO:0016772 TCDB:1.A.26.1.1 KOG:KOG0197 KEGGEC:ec:2.7.11.1 IPRF:ipr000719 IPRF:ipr001245 IPRF:ipr008266 IPRF:ipr011009 PFD:pf07714",""
7.531742,Suilu4,"Suillus luteus UH-Slu-Lm8-n1 v3.0","fgenesh1_kg.34_#_1_#_Locus10161v1rpkm3.42","fgenesh1_kg",2871797,2871910,"scaffold_34:14,060-16,115 (-)","scaffold_34",14060,16115,"(-)","GO:0004672 GO:0005524 GO:0006468 GO:0016772 TCDB:1.A.26.1.1 KOG:KOG0196 KEGGEC:ec:2.7.11.1 IPRF:ipr000719 IPRF:ipr001245 IPRF:ipr008266 IPRF:ipr011009 PFD:pf07714",""
7.531742,Suilu4,"Suillus luteus UH-Slu-Lm8-n1 v3.0","Suilu3.fgenesh1_kg.92_#_44_#_Locus13615v1rpkm1.61","Suilu3_GeneCatalog",1823334,1823448,"scaffold_28:447,671-448,770 (-)","scaffold_28",447671,448770,"(-)","GO:0004672 GO:0005524 GO:0006468 GO:0016772 KOG:KOG0612 KEGGEC:ec:2.7.11.1 IPRF:ipr000719 IPRF:ipr002290 IPRF:ipr008271 IPRF:ipr011009 PFD:pf00069",""
7.531742,Suilu4,"Suillus luteus UH-Slu-Lm8-n1 v3.0","fgenesh1_kg.34_#_101_#_Locus2117v1rpkm84.54","fgenesh1_kg",2871897,2872010,"scaffold_34:120,159-123,187 (-)","scaffold_34",120159,123187,"(-)","GO:0004672 GO:0005524 GO:0006468 GO:0016772 KOG:KOG1290 KEGGEC:ec:2.7.11.1 IPRF:ipr000719 IPRF:ipr002290 IPRF:ipr008271 IPRF:ipr011009 IPRF:ipr017441 PFD:pf00069",""
7.531742,Suilu4,"Suillus luteus UH-Slu-Lm8-n1 v3.0","fgenesh1_kg.35_#_158_#_Locus20481v2rpkm0.45","fgenesh1_kg",2872104,2872217,"scaffold_35:197,355-199,000 (+)","scaffold_35",197355,199000,"(+)","GO:0004672 GO:0005524 GO:0006468 GO:0016772 KOG:KOG0661 KEGGEC:ec:2.7.11.1 IPRF:ipr000719 IPRF:ipr002290 IPRF:ipr008271 IPRF:ipr011009 PFD:pf00069",""
7.531742,Suilu4,"Suillus luteus UH-Slu-Lm8-n1 v3.0","fgenesh1_pm.1_#_63","fgenesh1_pm",2890018,2890131,"scaffold_1:451,276-455,648 (-)","scaffold_1",451276,455648,"(-)","GO:0004672 GO:0004674 GO:0005524 GO:0006468 GO:0016772 KOG:KOG0603 KEGGEC:ec:2.7.11.1 IPRF:ipr000719 IPRF:ipr000961 IPRF:ipr002290 IPRF:ipr008271 IPRF:ipr011009 IPRF:ipr017892 PFD:pf00069 PFD:pf00433",""
7.531742,Suilu4,"Suillus luteus UH-Slu-Lm8-n1 v3.0","fgenesh1_pm.1_#_706","fgenesh1_pm",2890661,2890774,"scaffold_1:2,659,979-2,661,925 (-)","scaffold_1",2659979,2661925,"(-)","GO:0004672 GO:0005515 GO:0005524 GO:0006468 GO:0016772 TCDB:9.B.45.1.3 KOG:KOG0603 KEGGEC:ec:2.7.11.1 IPRF:ipr000253 IPRF:ipr000719 IPRF:ipr008984 IPRF:ipr011009 IPRF:ipr017441 PFD:pf00069 PFD:pf00498",""
7.531742,Suilu4,"Suillus luteus UH-Slu-Lm8-n1 v3.0","fgenesh1_pm.5_#_310","fgenesh1_pm",2892665,2892778,"scaffold_5:1,867,429-1,868,817 (+)","scaffold_5",1867429,1868817,"(+)","GO:0004672 GO:0005524 GO:0006468 GO:0016772 KOG:KOG0668 KEGGEC:ec:2.7.11.1 IPRF:ipr000719 IPRF:ipr002290 IPRF:ipr008271 IPRF:ipr011009 IPRF:ipr017441 PFD:pf00069",""
7.531742,Suilu4,"Suillus luteus UH-Slu-Lm8-n1 v3.0","fgenesh1_pm.6_#_160","fgenesh1_pm",2892854,2892967,"scaffold_6:909,292-910,323 (-)","scaffold_6",909292,910323,"(-)","GO:0004672 GO:0004713 GO:0005524 GO:0006468 GO:0016772 KOG:KOG0603 KEGGEC:ec:2.7.11.1 IPRF:ipr000719 IPRF:ipr008266 IPRF:ipr011009 IPRF:ipr020635 PFD:pf00069",""
7.531742,Suilu4,"Suillus luteus UH-Slu-Lm8-n1 v3.0","fgenesh1_pm.8_#_150","fgenesh1_pm",2893401,2893514,"scaffold_8:933,007-934,627 (-)","scaffold_8",933007,934627,"(-)","GO:0004672 GO:0004674 GO:0005524 GO:0006468 GO:0016772 KOG:KOG0603 KEGGEC:ec:2.7.11.1 IPRF:ipr000719 IPRF:ipr000961 IPRF:ipr002290 IPRF:ipr008271 IPRF:ipr011009 IPRF:ipr017441 PFD:pf00069",""
7.531742,Suilu4,"Suillus luteus UH-Slu-Lm8-n1 v3.0","Suilu3.Suilu1.fgenesh1_kg.7_#_17_#_Locus4685v2rpkm20.34","Suilu3_GeneCatalog",798170,798286,"scaffold_1:2,814,437-2,819,104 (+)","scaffold_1",2814437,2819104,"(+)","GO:0004672 GO:0005524 GO:0006468 GO:0016772 KOG:KOG1989 KEGGEC:ec:2.7.11.1 IPRF:ipr000719 IPRF:ipr002290 IPRF:ipr011009 PFD:pf00069",""
7.531742,Suilu4,"Suillus luteus UH-Slu-Lm8-n1 v3.0","fgenesh1_pm.33_#_16","fgenesh1_pm",2896876,2896989,"scaffold_33:382,430-384,247 (-)","scaffold_33",382430,384247,"(-)","GO:0004672 GO:0005524 GO:0006468 GO:0016772 KOG:KOG0595 KEGGEC:ec:2.7.11.1 IPRF:ipr000719 IPRF:ipr011009 IPRF:ipr017441 PFD:pf00069",""
7.531742,Suilu4,"Suillus luteus UH-Slu-Lm8-n1 v3.0","fgenesh1_pm.33_#_14","fgenesh1_pm",2896874,2896987,"scaffold_33:312,304-314,076 (+)","scaffold_33",312304,314076,"(+)","GO:0004672 GO:0005524 GO:0006468 GO:0016772 KOG:KOG0595 KEGGEC:ec:2.7.11.1 IPRF:ipr000719 IPRF:ipr002290 IPRF:ipr011009 IPRF:ipr017441 PFD:pf00069",""
7.531742,Suilu4,"Suillus luteus UH-Slu-Lm8-n1 v3.0","Suilu3.Suilu1.fgenesh1_kg.114_#_35_#_Locus3940v1rpkm41.05","Suilu3_GeneCatalog",805204,805320,"scaffold_38:170,152-176,664 (+)","scaffold_38",170152,176664,"(+)","GO:0004672 GO:0004674 GO:0005515 GO:0005524 GO:0006446 GO:0006468 GO:0016772 GO:0042803 KOG:KOG1035 KEGGEC:ec:2.7.11.1 IPRF:ipr000719 IPRF:ipr002290 IPRF:ipr006575 IPRF:ipr008271 IPRF:ipr011009 IPRF:ipr016135 IPRF:ipr016255 IPRF:ipr017441 IPRF:ipr024435 PFD:pf00069 PFD:pf05773 PFD:pf12745 PFD:pf13393",""
7.531742,Suilu4,"Suillus luteus UH-Slu-Lm8-n1 v3.0","estExt_fgenesh1_pm.C_230028","estExt_fgenesh1_pm",2902573,2902686,"scaffold_23:311,960-313,571 (-)","scaffold_23",311960,313571,"(-)","GO:0004672 GO:0005524 GO:0006468 GO:0016772 KOG:KOG0603 KEGGEC:ec:2.7.11.1 IPRF:ipr000719 IPRF:ipr002290 IPRF:ipr008271 IPRF:ipr011009 PFD:pf00069",""
7.531742,Suilu4,"Suillus luteus UH-Slu-Lm8-n1 v3.0","estExt_fgenesh1_pg.C_1_t10251","estExt_fgenesh1_pg",2903714,2903827,"scaffold_1:999,963-1,001,705 (-)","scaffold_1",999963,1001705,"(-)","GO:0004672 GO:0005524 GO:0006468 GO:0016772 KOG:KOG1164 KEGGEC:ec:2.7.11.1 IPRF:ipr000719 IPRF:ipr002290 IPRF:ipr008271 IPRF:ipr011009 IPRF:ipr017441 PFD:pf00069",""
7.531742,Suilu4,"Suillus luteus UH-Slu-Lm8-n1 v3.0","estExt_fgenesh1_pg.C_100197","estExt_fgenesh1_pg",2907716,2907829,"scaffold_10:629,684-631,514 (-)","scaffold_10",629684,631514,"(-)","GO:0004672 GO:0005524 GO:0006468 GO:0016772 KOG:KOG0603 KEGGEC:ec:2.7.11.1 IPRF:ipr000719 IPRF:ipr002290 IPRF:ipr008271 IPRF:ipr011009 PFD:pf00069",""
7.531742,Suilu4,"Suillus luteus UH-Slu-Lm8-n1 v3.0","gm1.2538_g","Genemark1",2914172,2914285,"scaffold_3:1,263,543-1,265,994 (-)","scaffold_3",1263543,1265994,"(-)","GO:0004672 GO:0005524 GO:0006468 GO:0016772 KOG:KOG0578 KEGGEC:ec:2.7.11.1 IPRF:ipr000095 IPRF:ipr000719 IPRF:ipr002290 IPRF:ipr008271 IPRF:ipr011009 IPRF:ipr017441 PFD:pf00069 PFD:pf00786",""
7.531742,Suilu4,"Suillus luteus UH-Slu-Lm8-n1 v3.0","gm1.4173_g","Genemark1",2915807,2915920,"scaffold_5:566,264-568,337 (-)","scaffold_5",566264,568337,"(-)","GO:0004672 GO:0005524 GO:0006468 GO:0016772 KOG:KOG1187 KEGGEC:ec:2.7.11.1 IPRF:ipr000719 IPRF:ipr002290 IPRF:ipr008271 IPRF:ipr011009 PFD:pf00069",""
7.531742,Suilu4,"Suillus luteus UH-Slu-Lm8-n1 v3.0","gm1.5705_g","Genemark1",2917339,2917452,"scaffold_7:1,614,898-1,618,121 (+)","scaffold_7",1614898,1618121,"(+)","GO:0004672 GO:0005524 GO:0006468 GO:0016772 KOG:KOG1164 KEGGEC:ec:2.7.11.1 IPRF:ipr000719 IPRF:ipr002290 IPRF:ipr008271 IPRF:ipr011009 IPRF:ipr017441 PFD:pf00069",""
7.531742,Suilu4,"Suillus luteus UH-Slu-Lm8-n1 v3.0","gm1.7464_g","Genemark1",2919098,2919211,"scaffold_11:409,932-411,927 (+)","scaffold_11",409932,411927,"(+)","GO:0004672 GO:0005524 GO:0005525 GO:0006468 GO:0016772 KOG:KOG0192 KEGGEC:ec:2.7.11.1 IPRF:ipr000719 IPRF:ipr006073 IPRF:ipr008266 IPRF:ipr011009 IPRF:ipr025662 IPRF:ipr027417 PFD:pf00069 PFD:pf01926",""
7.531742,Suilu4,"Suillus luteus UH-Slu-Lm8-n1 v3.0","gm1.11406_g","Genemark1",2923040,2923153,"scaffold_24:164,092-169,596 (-)","scaffold_24",164092,169596,"(-)","GO:0004672 GO:0005488 GO:0005515 GO:0005524 GO:0006468 GO:0016772 KOG:KOG1240 KEGGEC:ec:2.7.11.1 IPRF:ipr000357 IPRF:ipr000719 IPRF:ipr001680 IPRF:ipr002290 IPRF:ipr011009 IPRF:ipr016024 IPRF:ipr017986 IPRF:ipr019775 IPRF:ipr021133 PFD:pf00069 PFD:pf00400 PFD:pf02985",""
7.531742,Suilu4,"Suillus luteus UH-Slu-Lm8-n1 v3.0","gm1.13342_g","Genemark1",2924976,2925089,"scaffold_36:150,365-151,986 (-)","scaffold_36",150365,151986,"(-)","GO:0004672 GO:0005524 GO:0006468 GO:0016772 KOG:KOG0603 KEGGEC:ec:2.7.11.1 IPRF:ipr000719 IPRF:ipr002290 IPRF:ipr008271 IPRF:ipr011009 PFD:pf00069",""
7.531742,Suilu4,"Suillus luteus UH-Slu-Lm8-n1 v3.0","gm1.13627_g","Genemark1",2925261,2925374,"scaffold_39:95,440-97,060 (+)","scaffold_39",95440,97060,"(+)","GO:0004672 GO:0005524 GO:0006468 GO:0016772 KOG:KOG0603 KEGGEC:ec:2.7.11.1 IPRF:ipr000719 IPRF:ipr002290 IPRF:ipr008271 IPRF:ipr011009 PFD:pf00069",""
7.531742,Suilu4,"Suillus luteus UH-Slu-Lm8-n1 v3.0","gm1.13650_g","Genemark1",2925284,2925397,"scaffold_39:161,184-162,708 (+)","scaffold_39",161184,162708,"(+)","GO:0004672 GO:0005524 GO:0006468 GO:0016772 KOG:KOG0603 KEGGEC:ec:2.7.11.1 IPRF:ipr000719 IPRF:ipr002290 IPRF:ipr008271 IPRF:ipr011009 PFD:pf00069",""
7.531742,Suilu4,"Suillus luteus UH-Slu-Lm8-n1 v3.0","Suilu3.gm1.8552_g","Suilu3_GeneCatalog",1888319,1888433,"scaffold_36:179,890-181,256 (+)","scaffold_36",179890,181256,"(+)","GO:0004672 GO:0005524 GO:0006468 GO:0016772 KOG:KOG0603 KEGGEC:ec:2.7.11.1 IPRF:ipr000719 IPRF:ipr002290 IPRF:ipr008271 IPRF:ipr011009 PFD:pf00069",""
7.531742,Suilu4,"Suillus luteus UH-Slu-Lm8-n1 v3.0","MIX23224_9847_29","null",2949140,2949253,"scaffold_25:335,108-337,961 (-)","scaffold_25",335108,337961,"(-)","GO:0004672 GO:0005524 GO:0006468 GO:0016772 KOG:KOG0670 KEGGEC:ec:2.7.11.1 IPRF:ipr000719 IPRF:ipr002290 IPRF:ipr008271 IPRF:ipr011009 IPRF:ipr017441 PFD:pf00069",""
7.531742,Suilu4,"Suillus luteus UH-Slu-Lm8-n1 v3.0","Suilu3.MIX26014_8324_84","Suilu3_GeneCatalog",1919526,1919640,"scaffold_8:1,395,237-1,398,918 (-)","scaffold_8",1395237,1398918,"(-)","GO:0004672 GO:0005524 GO:0006468 GO:0016772 KOG:KOG1166 KEGGEC:ec:2.7.11.1 IPRF:ipr000719 IPRF:ipr002290 IPRF:ipr008271 IPRF:ipr011009 IPRF:ipr013212 PFD:pf00069 PFD:pf08311",""
7.531742,Suilu4,"Suillus luteus UH-Slu-Lm8-n1 v3.0","estExt_Genemark1.C_110103","estExt_Genemark1",2982391,2982504,"scaffold_11:377,480-379,091 (-)","scaffold_11",377480,379091,"(-)","GO:0004672 GO:0005524 GO:0006468 GO:0016772 TCDB:1.A.26.1.1 KOG:KOG0603 KEGGEC:ec:2.7.11.1 IPRF:ipr000719 IPRF:ipr002290 IPRF:ipr008271 IPRF:ipr011009 PFD:pf00069",""
7.531742,Suilu4,"Suillus luteus UH-Slu-Lm8-n1 v3.0","estExt_Genemark1.C_350029","estExt_Genemark1",2986034,2986147,"scaffold_35:92,004-93,644 (+)","scaffold_35",92004,93644,"(+)","GO:0004672 GO:0005524 GO:0006468 GO:0016772 KOG:KOG0198 KEGGEC:ec:2.7.11.1 IPRF:ipr000719 IPRF:ipr011009 PFD:pf00069",""
7.531742,Suilu4,"Suillus luteus UH-Slu-Lm8-n1 v3.0","estExt_Genemark1.C_350017","estExt_Genemark1",2986022,2986135,"scaffold_35:52,948-55,225 (+)","scaffold_35",52948,55225,"(+)","GO:0004672 GO:0005524 GO:0006468 GO:0016772 TCDB:1.A.26.1.1 KOG:KOG0198 KEGGEC:ec:2.7.11.1 IPRF:ipr000719 IPRF:ipr008266 IPRF:ipr011009 IPRF:ipr014720 PFD:pf00069",""
7.531742,Suilu4,"Suillus luteus UH-Slu-Lm8-n1 v3.0","estExt_Genemark1.C_500010","estExt_Genemark1",2986449,2986562,"scaffold_50:41,089-43,323 (-)","scaffold_50",41089,43323,"(-)","GO:0004672 GO:0005524 GO:0006468 GO:0016772 KOG:KOG1164 KEGGEC:ec:2.7.11.1 IPRF:ipr000719 IPRF:ipr002290 IPRF:ipr011009 IPRF:ipr017441 PFD:pf00069",""
7.512972,Suilu4,"Suillus luteus UH-Slu-Lm8-n1 v3.0","fgenesh1_pm.14_#_35","fgenesh1_pm",2894897,2895010,"scaffold_14:251,728-252,828 (-)","scaffold_14",251728,252828,"(-)","GO:0004672 GO:0004674 GO:0005524 GO:0006468 GO:0009103 GO:0016020 GO:0016772 GO:0016773 KOG:KOG3087 KEGGEC:ec:2.7.11.1 IPRF:ipr000719 IPRF:ipr008266 IPRF:ipr010440 IPRF:ipr011009 IPRF:ipr022495 PFD:pf06293",""
